case_id,group_name,texture,phase_run_id,scenario_name,scenario_note,schedule_name,variant_name,h_init_common,max_iter,rescue_iter,tol,omega_default,max_dh_default,Q_Lh,emitter_radius_cm,fw_threshold,t_final_h,depth_cm,radial_extent_cm,width_cm,volume_cm3,shape_ratio,nonconv_ratio,storage_ratio,rescued_steps,runtime_s,numerical_quality,var_name,var_value,x_for_plot,depth_rel_pct,radial_rel_pct,volume_rel_pct
6bcfa7fd126bba4c,sens_phys,Loamy Sand,C2_R2,Loamy Sand_Ks_-0.30,Physical sensitivity on Ks,coarse_ultra_transition,coarse_A,-50.0,65,95,0.0006,0.32,16.0,1.0,1.0,0.5,3.0,19.5,13.5,27.0,9339.954959122457,1.4444444444444444,0.351578947368421,0.996832380075002,6,1489.8252532482147,Low,Ks,-0.3,-30.0,25.806451612903224,-6.896551724137931,-3.442676193569308
c16f6c4a6c368b4d,sens_phys,Loamy Sand,C2_R2,Loamy Sand_Ks_-0.20,Physical sensitivity on Ks,coarse_ultra_transition,coarse_A,-50.0,65,95,0.0006,0.32,16.0,1.0,1.0,0.5,3.0,18.5,13.5,27.0,9371.370885658354,1.3703703703703705,0.3536842105263157,0.9968617553992856,10,1499.5472478866575,Low,Ks,-0.2,-20.0,19.35483870967742,-6.896551724137931,-3.117895420591072
c78d3709724cbdd9,sens_phys,Loamy Sand,C2_R2,Loamy Sand_Ks_-0.10,Physical sensitivity on Ks,coarse_ultra_transition,coarse_A,-50.0,65,95,0.0006,0.32,16.0,1.0,1.0,0.5,3.0,18.5,13.5,27.0,9619.556705291949,1.3703703703703705,0.3463157894736842,0.9969962335442358,4,1507.1631035804749,Low,Ks,-0.1,-10.0,19.35483870967742,-6.896551724137931,-0.5521273140629716
12373192652cfc69,sens_phys,Loamy Sand,C2_R2,Loamy Sand_Ks_+0.10,Physical sensitivity on Ks,coarse_ultra_transition,coarse_A,-50.0,65,95,0.0006,0.32,16.0,1.0,1.0,0.5,3.0,18.5,13.5,27.0,9952.565526572464,1.3703703703703705,0.3505263157894737,0.9968716544804777,6,1474.7923910617828,Low,Ks,0.1,10.0,19.35483870967742,-6.896551724137931,2.8905488795063365
c32cf79ca5ca1717,sens_phys,Loamy Sand,C2_R2,Loamy Sand_Ks_+0.20,Physical sensitivity on Ks,coarse_ultra_transition,coarse_A,-50.0,65,95,0.0006,0.32,16.0,1.0,1.0,0.5,3.0,17.5,14.5,29.0,10040.530120872978,1.206896551724138,0.3442105263157894,0.9968472279055748,5,1510.590443134308,Low,Ks,0.2,20.0,12.903225806451612,0.0,3.7999350438454096
058b6d90c430560f,sens_phys,Loamy Sand,C2_R2,Loamy Sand_Ks_+0.30,Physical sensitivity on Ks,coarse_ultra_transition,coarse_A,-50.0,65,95,0.0006,0.32,16.0,1.0,1.0,0.5,3.0,16.5,14.5,29.0,9899.158451461435,1.137931034482759,0.3263157894736842,0.9968300667619912,3,1524.3869287967682,Low,Ks,0.3,30.0,6.451612903225806,0.0,2.338421565443309
c2a59807ca67ccd9,sens_phys,Loamy Sand,C2_R2,Loamy Sand_alpha_-0.30,Physical sensitivity on alpha,coarse_ultra_transition,coarse_A,-50.0,65,95,0.0006,0.32,16.0,1.0,1.0,0.5,3.0,11.5,20.5,41.0,9333.671773815277,0.5609756097560976,0.0747368421052631,0.9889800390491624,0,2751.180094718933,High,alpha,-0.3,-30.0,-25.806451612903224,41.37931034482759,-3.507632348164963
f1615bd3d3feedad,sens_phys,Loamy Sand,C2_R2,Loamy Sand_alpha_-0.20,Physical sensitivity on alpha,coarse_ultra_transition,coarse_A,-50.0,65,95,0.0006,0.32,16.0,1.0,1.0,0.5,3.0,11.5,18.5,37.0,10005.97260168349,0.6216216216216216,0.1526315789473684,0.994342672794118,2,3276.4571764469147,Moderate,alpha,-0.2,-20.0,-25.806451612903224,27.586206896551722,3.442676193569346
090d3444d2526b48,sens_phys,Loamy Sand,C2_R2,Loamy Sand_alpha_-0.10,Physical sensitivity on alpha,coarse_ultra_transition,coarse_A,-50.0,65,95,0.0006,0.32,16.0,1.0,1.0,0.5,3.0,14.5,15.5,31.0,10109.645159251955,0.935483870967742,0.2968421052631579,0.9964287560532664,3,4308.343950748444,Low,alpha,-0.1,-10.0,-6.451612903225806,6.896551724137931,4.5144527443975555
80f175cb7d399581,sens_phys,Loamy Sand,C2_R2,Loamy Sand_alpha_+0.10,Physical sensitivity on alpha,coarse_ultra_transition,coarse_A,-50.0,65,95,0.0006,0.32,16.0,1.0,1.0,0.5,3.0,18.5,13.5,27.0,9245.70717951476,1.3703703703703705,0.3568421052631579,0.9967137312695724,5,3736.905905246735,Low,alpha,0.1,10.0,19.35483870967742,-6.896551724137931,-4.417018512504055
1875ca1baca92f1b,sens_phys,Loamy Sand,C2_R2,Loamy Sand_alpha_+0.20,Physical sensitivity on alpha,coarse_ultra_transition,coarse_A,-50.0,65,95,0.0006,0.32,16.0,1.0,1.0,0.5,3.0,19.5,12.5,25.0,9094.91073214245,1.56,0.3410526315789474,0.9966610383532046,7,1639.2978193759918,Low,alpha,0.2,20.0,25.806451612903224,-13.793103448275861,-5.9759662227996
195ddc254a5a25a6,sens_phys,Loamy Sand,C2_R2,Loamy Sand_alpha_+0.30,Physical sensitivity on alpha,coarse_ultra_transition,coarse_A,-50.0,65,95,0.0006,0.32,16.0,1.0,1.0,0.5,3.0,17.5,13.5,27.0,9057.211620299377,1.2962962962962965,0.3231578947368421,0.9971211988938992,7,1573.3102786540985,Low,alpha,0.3,30.0,12.903225806451612,-6.896551724137931,-6.365703150373454
24b89321ccc450e9,sens_phys,Loamy Sand,C2_R2,Loamy Sand_n_-0.15,Physical sensitivity on n,coarse_ultra_transition,coarse_A,-50.0,65,95,0.0006,0.32,16.0,1.0,1.0,0.5,3.0,12.5,18.5,37.0,10759.95483854504,0.6756756756756757,0.1968421052631579,0.99329821314581,1,1337.912586927414,Moderate,n,-0.15,-15.0,-19.35483870967742,27.586206896551722,11.237414745047092
70de302bcadbb2f7,sens_phys,Loamy Sand,C2_R2,Loamy Sand_n_-0.10,Physical sensitivity on n,coarse_ultra_transition,coarse_A,-50.0,65,95,0.0006,0.32,16.0,1.0,1.0,0.5,3.0,13.5,17.5,35.0,10398.671683382214,0.7714285714285715,0.2684210526315789,0.995111950345842,2,1626.5435619354248,Low,n,-0.1,-10.0,-12.903225806451612,20.689655172413794,7.502435855797338
2fc02c7e5de6376d,sens_phys,Loamy Sand,C2_R2,Loamy Sand_n_-0.05,Physical sensitivity on n,coarse_ultra_transition,coarse_A,-50.0,65,95,0.0006,0.32,16.0,1.0,1.0,0.5,3.0,15.5,15.5,31.0,10203.892938859648,1.0,0.2831578947368421,0.9964053717752815,4,3633.549589395523,Low,n,-0.05,-5.0,0.0,6.896551724137931,5.488795063332264
497eeba00c619390,sens_phys,Loamy Sand,C2_R2,Loamy Sand_n_+0.05,Physical sensitivity on n,coarse_ultra_transition,coarse_A,-50.0,65,95,0.0006,0.32,16.0,1.0,1.0,0.5,3.0,18.5,12.5,25.0,9116.901880717582,1.48,0.3431578947368421,0.9972945390090854,10,3781.58136844635,Low,n,0.05,5.0,19.35483870967742,-13.793103448275861,-5.748619681714809
96c33a5338cb9d52,sens_phys,Loamy Sand,C2_R2,Loamy Sand_n_+0.10,Physical sensitivity on n,coarse_ultra_transition,coarse_A,-50.0,65,95,0.0006,0.32,16.0,1.0,1.0,0.5,3.0,18.5,12.5,25.0,8997.521359881168,1.48,0.331578947368421,0.997469227440116,6,4051.122416257858,Low,n,0.1,10.0,19.35483870967742,-13.793103448275861,-6.982786619032136
79e292e896c08fe9,sens_phys,Loamy Sand,C2_R2,Loamy Sand_n_+0.15,Physical sensitivity on n,coarse_ultra_transition,coarse_A,-50.0,65,95,0.0006,0.32,16.0,1.0,1.0,0.5,3.0,17.5,13.5,27.0,8922.123136195012,1.2962962962962965,0.3052631578947368,0.9979111479781452,4,36768.05732297897,Low,n,0.15,15.0,12.903225806451612,-6.896551724137931,-7.762260474179918
d4693ee847205afc,sens_phys,Loamy Sand,C2_R2,Loamy Sand_fw_0.40,Physical sensitivity on fw_threshold,coarse_ultra_transition,coarse_A,-50.0,65,95,0.0006,0.32,16.0,1.0,1.0,0.4,3.0,18.5,13.5,27.0,9789.202708585795,1.3703703703703705,0.3494736842105263,0.9969618243745884,4,3118.0163974761963,Low,fw_threshold,0.4,0.4,19.35483870967742,-6.896551724137931,1.2016888600195006
f779c3ba795025e7,sens_phys,Loamy Sand,C2_R2,Loamy Sand_fw_0.45,Physical sensitivity on fw_threshold,coarse_ultra_transition,coarse_A,-50.0,65,95,0.0006,0.32,16.0,1.0,1.0,0.45,3.0,18.5,13.5,27.0,9789.202708585795,1.3703703703703705,0.3494736842105263,0.9969618243745884,4,3077.260258436203,Low,fw_threshold,0.45,0.45,19.35483870967742,-6.896551724137931,1.2016888600195006
86a32de3a08dc91e,sens_phys,Loamy Sand,C2_R2,Loamy Sand_fw_0.50,Physical sensitivity on fw_threshold,coarse_ultra_transition,coarse_A,-50.0,65,95,0.0006,0.32,16.0,1.0,1.0,0.5,3.0,18.5,13.5,27.0,9723.22926286041,1.3703703703703705,0.3494736842105263,0.9969618243745884,4,3117.906710386276,Low,fw_threshold,0.5,0.5,19.35483870967742,-6.896551724137931,0.5196492367652006
0567c52e252b5c80,sens_phys,Loamy Sand,C2_R2,Loamy Sand_fw_0.55,Physical sensitivity on fw_threshold,coarse_ultra_transition,coarse_A,-50.0,65,95,0.0006,0.32,16.0,1.0,1.0,0.55,3.0,18.5,13.5,27.0,9723.22926286041,1.3703703703703705,0.3494736842105263,0.9969618243745884,4,1693.8840854167938,Low,fw_threshold,0.55,0.55,19.35483870967742,-6.896551724137931,0.5196492367652006
df46b746d194d534,sens_phys,Loamy Sand,C2_R2,Loamy Sand_fw_0.60,Physical sensitivity on fw_threshold,coarse_ultra_transition,coarse_A,-50.0,65,95,0.0006,0.32,16.0,1.0,1.0,0.6,3.0,18.5,13.5,27.0,9669.822187749383,1.3703703703703705,0.3494736842105263,0.9969618243745884,4,1674.7820253372192,Low,fw_threshold,0.6,0.6,19.35483870967742,-6.896551724137931,-0.032478077297808584
438107e8297ad7d7,sens_phys,Loamy Sand,C2_R2,Loamy Sand_re_-0.30,Physical sensitivity on emitter_radius_cm,coarse_ultra_transition,coarse_A,-50.0,65,95,0.0006,0.32,16.0,1.0,0.7,0.5,3.0,18.5,13.5,27.0,9723.22926286041,1.3703703703703705,0.3494736842105263,0.9969618243745884,4,1725.2430872917175,Low,emitter_radius_cm,-0.3,-30.0,19.35483870967742,-6.896551724137931,0.5196492367652006
7e0df684dd8d00a0,sens_phys,Loamy Sand,C2_R2,Loamy Sand_re_-0.20,Physical sensitivity on emitter_radius_cm,coarse_ultra_transition,coarse_A,-50.0,65,95,0.0006,0.32,16.0,1.0,0.8,0.5,3.0,18.5,13.5,27.0,9723.22926286041,1.3703703703703705,0.3494736842105263,0.9969618243745884,4,1780.2723724842072,Low,emitter_radius_cm,-0.2,-20.0,19.35483870967742,-6.896551724137931,0.5196492367652006
45c1f1ebf1d84a11,sens_phys,Loamy Sand,C2_R2,Loamy Sand_re_-0.10,Physical sensitivity on emitter_radius_cm,coarse_ultra_transition,coarse_A,-50.0,65,95,0.0006,0.32,16.0,1.0,0.9,0.5,3.0,18.5,13.5,27.0,9723.22926286041,1.3703703703703705,0.3494736842105263,0.9969618243745884,4,2468.388451576233,Low,emitter_radius_cm,-0.1,-10.0,19.35483870967742,-6.896551724137931,0.5196492367652006
c834a2c456b8435d,sens_phys,Loamy Sand,C2_R2,Loamy Sand_re_+0.10,Physical sensitivity on emitter_radius_cm,coarse_ultra_transition,coarse_A,-50.0,65,95,0.0006,0.32,16.0,1.0,1.1,0.5,3.0,14.5,15.5,31.0,9544.158481605791,0.935483870967742,0.2810526315789474,0.9970644034743426,3,2911.144989013672,Low,emitter_radius_cm,0.1,10.0,-6.451612903225806,6.896551724137931,-1.3316011692107725
44253dcec0da2380,sens_phys,Loamy Sand,C2_R2,Loamy Sand_re_+0.20,Physical sensitivity on emitter_radius_cm,coarse_ultra_transition,coarse_A,-50.0,65,95,0.0006,0.32,16.0,1.0,1.2,0.5,3.0,14.5,15.5,31.0,9544.158481605791,0.935483870967742,0.2831578947368421,0.9970561098805876,3,1794.025886774063,Low,emitter_radius_cm,0.2,20.0,-6.451612903225806,6.896551724137931,-1.3316011692107725
7327ef75b18b75ae,sens_phys,Loamy Sand,C2_R2,Loamy Sand_re_+0.30,Physical sensitivity on emitter_radius_cm,coarse_ultra_transition,coarse_A,-50.0,65,95,0.0006,0.32,16.0,1.0,1.3,0.5,3.0,14.5,15.5,31.0,9544.158481605791,0.935483870967742,0.2810526315789474,0.9970791259873588,2,1874.446094751358,Low,emitter_radius_cm,0.3,30.0,-6.451612903225806,6.896551724137931,-1.3316011692107725
baeed1c8d502741d,sens_phys,Loam,M3_R1,Loam_Ks_-0.30,Physical sensitivity on Ks,medium_safe_track,medium_A,-60.0,70,95,0.0006,0.25,14.0,1.0,1.5,0.5,3.0,18.5,23.5,47.0,20602.564622241865,0.7872340425531915,0.1819464033850493,0.958799762521614,0,3443.130642414093,Moderate,Ks,-0.3,-30.0,0.0,0.0,2.8222013170272873
d16ed5b2eb884875,sens_phys,Loam,M3_R1,Loam_Ks_-0.20,Physical sensitivity on Ks,medium_safe_track,medium_A,-60.0,70,95,0.0006,0.25,14.0,1.0,1.5,0.5,3.0,18.5,23.5,47.0,20216.14872585032,0.7872340425531915,0.157968970380818,0.9538664819822232,0,2728.098705768585,Moderate,Ks,-0.2,-20.0,0.0,0.0,0.8936970837252999
eab031be94bb38c8,sens_phys,Loam,M3_R1,Loam_Ks_-0.10,Physical sensitivity on Ks,medium_safe_track,medium_A,-60.0,70,95,0.0006,0.25,14.0,1.0,1.5,0.5,3.0,18.5,23.5,47.0,20147.033687471343,0.7872340425531915,0.1424541607898448,0.94884892317679,0,2648.327430486679,Moderate,Ks,-0.1,-10.0,0.0,0.0,0.5487613671997433
a39466b9fd390078,sens_phys,Loam,M3_R1,Loam_Ks_+0.10,Physical sensitivity on Ks,medium_safe_track,medium_A,-60.0,70,95,0.0006,0.25,14.0,1.0,1.5,0.5,3.0,17.5,23.5,47.0,19861.14875599467,0.7446808510638298,0.1227080394922426,0.9391087025055556,0,2190.768614530564,Moderate,Ks,0.1,10.0,-5.405405405405405,0.0,-0.8780181875196182
db634f614ce626f7,sens_phys,Loam,M3_R1,Loam_Ks_+0.20,Physical sensitivity on Ks,medium_safe_track,medium_A,-60.0,70,95,0.0006,0.25,14.0,1.0,1.5,0.5,3.0,17.5,23.5,47.0,19770.04256904057,0.7446808510638298,0.1029619181946403,0.9344135010841724,0,2115.6125662326813,Moderate,Ks,0.2,20.0,-5.405405405405405,0.0,-1.332706177485109
eda188ce4fc14e2b,sens_phys,Loam,M3_R1,Loam_Ks_+0.30,Physical sensitivity on Ks,medium_safe_track,medium_A,-60.0,70,95,0.0006,0.25,14.0,1.0,1.5,0.5,3.0,17.5,23.5,47.0,19606.679751053896,0.7446808510638298,0.0916784203102961,0.9298244587068872,0,1881.7694945335388,Low,Ks,0.3,30.0,-5.405405405405405,0.0,-2.1480087801818923
2f7d81e496226a41,sens_phys,Loam,M3_R1,Loam_alpha_-0.30,Physical sensitivity on alpha,medium_safe_track,medium_A,-60.0,70,95,0.0006,0.25,14.0,1.0,1.5,0.5,3.0,18.5,24.5,49.0,23451.989159047807,0.7551020408163265,0.0507757404795486,0.8743178168035477,0,1479.3959555625916,Unreliable,alpha,-0.3,-30.0,0.0,4.25531914893617,17.04296017560364
a80a6e31cdf572b2,sens_phys,Loam,M3_R1,Loam_alpha_-0.20,Physical sensitivity on alpha,medium_safe_track,medium_A,-60.0,70,95,0.0006,0.25,14.0,1.0,1.5,0.5,3.0,18.5,24.5,49.0,21988.00698247496,0.7551020408163265,0.0719322990126939,0.9056059983981696,0,1247.1405668258667,Low,alpha,-0.2,-20.0,0.0,4.25531914893617,9.7365945437441
a126c7759cc4d819,sens_phys,Loam,M3_R1,Loam_alpha_-0.10,Physical sensitivity on alpha,medium_safe_track,medium_A,-60.0,70,95,0.0006,0.25,14.0,1.0,1.5,0.5,3.0,18.5,23.5,47.0,20970.130962711868,0.7872340425531915,0.0902679830747531,0.927841082735076,0,2377.863911151886,Low,alpha,-0.1,-10.0,0.0,0.0,4.656632173095004
be04313bfe748db4,sens_phys,Loam,M3_R1,Loam_alpha_+0.10,Physical sensitivity on alpha,medium_safe_track,medium_A,-60.0,70,95,0.0006,0.25,14.0,1.0,1.5,0.5,3.0,17.5,23.5,47.0,19493.582415524663,0.7446808510638298,0.1734837799717912,0.9558540192107188,0,2725.338141679764,Moderate,alpha,0.1,10.0,-5.405405405405405,0.0,-2.712449043587353
ea551f395fa8d23d,sens_phys,Loam,M3_R1,Loam_alpha_+0.20,Physical sensitivity on alpha,medium_safe_track,medium_A,-60.0,70,95,0.0006,0.25,14.0,1.0,1.5,0.5,3.0,17.5,22.5,45.0,18541.67984148696,0.7777777777777778,0.2031029619181946,0.9647717547747336,0,1795.1402082443235,Moderate,alpha,0.2,20.0,-5.405405405405405,-4.25531914893617,-7.463154593916593
a157dac7522860ab,sens_phys,Loam,M3_R1,Loam_alpha_+0.30,Physical sensitivity on alpha,medium_safe_track,medium_A,-60.0,70,95,0.0006,0.25,14.0,1.0,1.5,0.5,3.0,17.5,22.5,45.0,17988.759534455152,0.7777777777777778,0.2468265162200282,0.971428463095273,0,1436.7528579235077,Moderate,alpha,0.3,30.0,-5.405405405405405,-4.25531914893617,-10.222640326121063
0612712fc74a87d7,sens_phys,Loam,M3_R1,Loam_n_-0.15,Physical sensitivity on n,medium_safe_track,medium_A,-60.0,70,95,0.0006,0.25,14.0,1.0,1.5,0.5,3.0,19.5,27.5,55.0,29697.47535438431,0.7090909090909091,0.5585331452750353,0.9463523573309596,0,2074.109491109848,Unreliable,n,-0.15,-15.0,5.405405405405405,17.02127659574468,48.212605832549364
d1551eec3d8f5cdc,sens_phys,Loam,M3_R1,Loam_n_-0.10,Physical sensitivity on n,medium_safe_track,medium_A,-60.0,70,95,0.0006,0.25,14.0,1.0,1.5,0.5,3.0,19.5,25.5,51.0,25201.85626709732,0.7647058823529411,0.2708039492242595,0.9468082230122026,0,1501.450531244278,Low,n,-0.1,-10.0,5.405405405405405,8.51063829787234,25.776105362182488
f3ef3b40774d0d1f,sens_phys,Loam,M3_R1,Loam_n_-0.05,Physical sensitivity on n,medium_safe_track,medium_A,-60.0,70,95,0.0006,0.25,14.0,1.0,1.5,0.5,3.0,18.5,24.5,49.0,22277.03350660522,0.7551020408163265,0.1988716502115655,0.944730657164352,0,1304.0226156711578,Moderate,n,-0.05,-5.0,0.0,4.25531914893617,11.179052994669162
a2b45e3e8e0722d6,sens_phys,Loam,M3_R1,Loam_n_+0.05,Physical sensitivity on n,medium_safe_track,medium_A,-60.0,70,95,0.0006,0.25,14.0,1.0,1.5,0.5,3.0,17.5,22.5,45.0,18485.131173722344,0.7777777777777778,0.1001410437235543,0.9441183163546744,0,1009.6334974765778,Moderate,n,0.05,5.0,-5.405405405405405,-4.25531914893617,-7.745374725619314
573b271cc6d3fc70,sens_phys,Loam,M3_R1,Loam_n_+0.10,Physical sensitivity on n,medium_safe_track,medium_A,-60.0,70,95,0.0006,0.25,14.0,1.0,1.5,0.5,3.0,17.5,22.5,45.0,17435.839227423352,0.7777777777777778,0.081805359661495,0.9452294368239044,0,902.6863248348236,Moderate,n,0.1,10.0,-5.405405405405405,-4.25531914893617,-12.982126058325498
75fbefb9c98980e5,sens_phys,Loam,M3_R1,Loam_n_+0.15,Physical sensitivity on n,medium_safe_track,medium_A,-60.0,70,95,0.0006,0.25,14.0,1.0,1.5,0.5,3.0,16.5,21.5,43.0,16053.53845984384,0.7674418604651163,0.0648801128349788,0.9470635069453252,0,851.8202114105225,Moderate,n,0.15,15.0,-10.81081081081081,-8.51063829787234,-19.880840388836646
228fc7d70b0fde31,sens_phys,Loam,M3_R1,Loam_fw_0.40,Physical sensitivity on fw_threshold,medium_safe_track,medium_A,-60.0,70,95,0.0006,0.25,14.0,1.0,1.5,0.4,3.0,18.5,24.5,49.0,22622.6086985001,0.7551020408163265,0.1325811001410437,0.943901935108743,0,26562.07096457481,Moderate,fw_threshold,0.4,0.4,0.0,4.25531914893617,12.903731577296945
898c1bf9d88b80c3,sens_phys,Loam,M3_R1,Loam_fw_0.45,Physical sensitivity on fw_threshold,medium_safe_track,medium_A,-60.0,70,95,0.0006,0.25,14.0,1.0,1.5,0.45,3.0,18.5,23.5,47.0,21362.83004441059,0.7872340425531915,0.1325811001410437,0.943901935108743,0,871.019002199173,Moderate,fw_threshold,0.45,0.45,0.0,0.0,6.616494198808391
cc6967ae9233a67c,sens_phys,Loam,M3_R1,Loam_fw_0.50,Physical sensitivity on fw_threshold,medium_safe_track,medium_A,-60.0,70,95,0.0006,0.25,14.0,1.0,1.5,0.5,3.0,18.5,23.5,47.0,20037.0779445957,0.7872340425531915,0.1325811001410437,0.943901935108743,0,824.112254858017,Moderate,fw_threshold,0.5,0.5,0.0,0.0,0.0
c5bb805df1a8b4fa,sens_phys,Loam,M3_R1,Loam_fw_0.55,Physical sensitivity on fw_threshold,medium_safe_track,medium_A,-60.0,70,95,0.0006,0.25,14.0,1.0,1.5,0.55,3.0,17.5,22.5,45.0,18463.14002514721,0.7777777777777778,0.1325811001410437,0.943901935108743,0,803.4253296852112,Moderate,fw_threshold,0.55,0.55,-5.405405405405405,-4.25531914893617,-7.8551269990592845
828e60f1d6798c54,sens_phys,Loam,M3_R1,Loam_fw_0.60,Physical sensitivity on fw_threshold,medium_safe_track,medium_A,-60.0,70,95,0.0006,0.25,14.0,1.0,1.5,0.6,3.0,16.5,22.5,45.0,17325.88348454771,0.7333333333333333,0.1325811001410437,0.943901935108743,0,1078.2556810379028,Moderate,fw_threshold,0.6,0.6,-10.81081081081081,-4.25531914893617,-13.53088742552524
0ed380d4c52b3720,sens_phys,Loam,M3_R1,Loam_re_-0.30,Physical sensitivity on emitter_radius_cm,medium_safe_track,medium_A,-60.0,70,95,0.0006,0.25,14.0,1.0,1.0499999999999998,0.5,3.0,18.5,23.5,47.0,20046.50272255647,0.7872340425531915,0.1509167842031029,0.9439757081439902,0,1460.147583246231,Moderate,emitter_radius_cm,-0.3,-30.0,0.0,0.0,0.04703668861711722
07d785ddb9a3c22b,sens_phys,Loam,M3_R1,Loam_re_-0.20,Physical sensitivity on emitter_radius_cm,medium_safe_track,medium_A,-60.0,70,95,0.0006,0.25,14.0,1.0,1.2000000000000002,0.5,3.0,18.5,23.5,47.0,20037.0779445957,0.7872340425531915,0.1410437235543018,0.9439093337062922,0,964.4910089969636,Moderate,emitter_radius_cm,-0.2,-20.0,0.0,0.0,0.0
4830c9dd5b42c444,sens_phys,Loam,M3_R1,Loam_re_-0.10,Physical sensitivity on emitter_radius_cm,medium_safe_track,medium_A,-60.0,70,95,0.0006,0.25,14.0,1.0,1.35,0.5,3.0,18.5,23.5,47.0,20037.0779445957,0.7872340425531915,0.1297602256699576,0.943915606513684,0,744.7146990299225,Moderate,emitter_radius_cm,-0.1,-10.0,0.0,0.0,0.0
8f70df7c0ffab782,sens_phys,Loam,M3_R1,Loam_re_+0.10,Physical sensitivity on emitter_radius_cm,medium_safe_track,medium_A,-60.0,70,95,0.0006,0.25,14.0,1.0,1.65,0.5,3.0,18.5,23.5,47.0,20037.0779445957,0.7872340425531915,0.1339915373765867,0.9439484310392398,0,727.4183588027954,Moderate,emitter_radius_cm,0.1,10.0,0.0,0.0,0.0
a39b8037b7032d61,sens_phys,Loam,M3_R1,Loam_re_+0.20,Physical sensitivity on emitter_radius_cm,medium_safe_track,medium_A,-60.0,70,95,0.0006,0.25,14.0,1.0,1.7999999999999998,0.5,3.0,18.5,23.5,47.0,20037.0779445957,0.7872340425531915,0.1382228490832158,0.9438654111694608,0,794.1721138954163,Moderate,emitter_radius_cm,0.2,20.0,0.0,0.0,0.0
aa1d2b672488bbe1,sens_phys,Loam,M3_R1,Loam_re_+0.30,Physical sensitivity on emitter_radius_cm,medium_safe_track,medium_A,-60.0,70,95,0.0006,0.25,14.0,1.0,1.95,0.5,3.0,18.5,23.5,47.0,20037.0779445957,0.7872340425531915,0.1354019746121297,0.943910110971211,0,790.7969715595245,Moderate,emitter_radius_cm,0.3,30.0,0.0,0.0,0.0
5516e27b482ee08e,sens_phys,Clay Loam,C5_R1,Clay Loam_Ks_-0.30,Physical sensitivity on Ks,fine_careful_start,candidate_A,-75.0,80,110,0.0006,0.24,13.0,1.0,1.75,0.45,3.5,26.5,31.5,63.0,54735.968803494965,0.8412698412698413,0.5486725663716814,0.964157885340973,0,2436.008439064026,Unreliable,Ks,-0.3,-30.0,0.0,-3.076923076923077,-1.0506587914584364
6db7037a96d97f03,sens_phys,Clay Loam,C5_R1,Clay Loam_Ks_-0.20,Physical sensitivity on Ks,fine_careful_start,candidate_A,-75.0,80,110,0.0006,0.24,13.0,1.0,1.75,0.45,3.5,26.5,31.5,63.0,55326.58822236984,0.8412698412698413,0.4837758112094395,0.9629905883216168,2,2452.1509194374084,Unreliable,Ks,-0.2,-20.0,0.0,-3.076923076923077,0.01703771013174364
ad9379433acfe342,sens_phys,Clay Loam,C5_R1,Clay Loam_Ks_-0.10,Physical sensitivity on Ks,fine_careful_start,candidate_A,-75.0,80,110,0.0006,0.24,13.0,1.0,1.75,0.45,3.5,26.5,31.5,63.0,55417.69440932395,0.8412698412698413,0.4542772861356932,0.9606557888506682,1,7018.420759677887,Unreliable,Ks,-0.1,-10.0,0.0,-3.076923076923077,0.1817355747387479
f27305ff16af4f66,sens_phys,Clay Loam,C5_R1,Clay Loam_Ks_+0.10,Physical sensitivity on Ks (resume run),fine_careful_start,candidate_A,-75.0,80,110,0.0006,0.24,13.0,1.0,1.75,0.45,3.5,26.5,32.5,65.0,55307.73866644831,0.8153846153846154,0.3431661750245821,0.9538597898229408,0,2835.728764295578,Low,Ks,0.1,10.0,0.0,0.0,-0.017037710131756794
c37ccb8a032a718c,sens_phys,Clay Loam,C5_R1,Clay Loam_Ks_+0.20,Physical sensitivity on Ks (resume run),fine_careful_start,candidate_A,-75.0,80,110,0.0006,0.24,13.0,1.0,1.75,0.45,3.5,26.5,32.5,65.0,55697.296155493445,0.8153846153846154,0.3205506391347099,0.9513397014347807,0,1776.8384139537811,Low,Ks,0.2,20.0,0.0,0.0,0.6871876419809143
fe1c3e20ee341b39,sens_phys,Clay Loam,C5_R1,Clay Loam_Ks_+0.30,Physical sensitivity on Ks (resume run),fine_careful_start,candidate_A,-75.0,80,110,0.0006,0.24,13.0,1.0,1.75,0.45,3.5,25.5,32.5,65.0,55486.80944770293,0.7846153846153846,0.3136676499508358,0.9482126096121672,0,2081.9433784484863,Low,Ks,0.3,30.0,-3.7735849056603774,0.0,0.3066787823716486
87e7d37dcd6bc793,sens_phys,Clay Loam,C5_R1,Clay Loam_alpha_-0.30,Physical sensitivity on alpha (resume run),fine_careful_start,candidate_A,-75.0,80,110,0.0006,0.24,13.0,1.0,1.75,0.45,3.5,28.5,35.5,71.0,72567.64870527064,0.8028169014084507,0.2458210422812192,0.92825863774658,1,3331.1055405139923,Low,alpha,-0.3,-30.0,7.547169811320755,9.23076923076923,31.18468877782826
c82ab03fe4817f8d,sens_phys,Clay Loam,C5_R1,Clay Loam_alpha_-0.20,Physical sensitivity on alpha (resume run),fine_careful_start,candidate_A,-75.0,80,110,0.0006,0.24,13.0,1.0,1.75,0.45,3.5,27.5,34.5,69.0,65341.9856020141,0.7971014492753623,0.2822025565388397,0.9405780419554612,0,5573.499707460403,Low,alpha,-0.2,-20.0,3.7735849056603774,6.153846153846154,18.12244434348022
2d46020c1dcb64e4,sens_phys,Clay Loam,C5_R1,Clay Loam_alpha_-0.10,Physical sensitivity on alpha (resume run),fine_careful_start,candidate_A,-75.0,80,110,0.0006,0.24,13.0,1.0,1.75,0.45,3.5,27.5,33.5,67.0,60142.649760323,0.8208955223880597,0.3205506391347099,0.9499027613635764,0,4757.061589956284,Low,alpha,-0.1,-10.0,3.7735849056603774,3.076923076923077,8.72330758746024
b2dc239d4585257a,sens_phys,Clay Loam,C5_R1,Clay Loam_alpha_+0.10,Physical sensitivity on alpha (resume run),fine_careful_start,candidate_A,-75.0,80,110,0.0006,0.24,13.0,1.0,1.75,0.45,3.5,25.5,31.5,63.0,51764.02215319902,0.8095238095238095,0.4582104228121927,0.9610039056084372,0,28091.532296419144,Unreliable,alpha,0.1,10.0,-3.7735849056603774,-3.076923076923077,-6.42321671967289
8d6d8b973a126daf,sens_phys,Clay Loam,C5_R1,Clay Loam_alpha_+0.20,Physical sensitivity on alpha (resume run),fine_careful_start,candidate_A,-75.0,80,110,0.0006,0.24,13.0,1.0,1.75,0.45,3.5,25.5,30.5,61.0,48295.703863635885,0.8360655737704918,0.5211406096361848,0.9642078874039892,0,3032.7357337474823,Unreliable,alpha,0.2,20.0,-3.7735849056603774,-6.153846153846154,-12.693094048159942
762e0f00967db944,sens_phys,Clay Loam,C5_R1,Clay Loam_alpha_+0.30,Physical sensitivity on alpha (resume run),fine_careful_start,candidate_A,-75.0,80,110,0.0006,0.24,13.0,1.0,1.75,0.45,3.5,24.5,30.5,61.0,46159.420859194826,0.8032786885245902,0.6342182890855457,0.9648471919217,0,4338.457766532898,Unreliable,alpha,0.3,30.0,-7.547169811320755,-6.153846153846154,-16.554975011358486
f4898b830a5db558,sens_phys,Clay Loam,C5_R1,Clay Loam_n_-0.15,Physical sensitivity on n (resume run),fine_careful_start,candidate_A,-75.0,80,110,0.0006,0.24,13.0,1.0,1.75,0.45,3.5,29.5,38.5,77.0,92796.36380173532,0.7662337662337663,1.0,0.7285429792198235,0,11119.869900941849,Unreliable,n,-0.15,-15.0,11.320754716981131,18.46153846153846,67.75329395729216
3bd4206396be5765,sens_phys,Clay Loam,C5_R1,Clay Loam_n_-0.10,Physical sensitivity on n (resume run),fine_careful_start,candidate_A,-75.0,80,110,0.0006,0.24,13.0,1.0,1.75,0.45,3.5,28.5,37.5,75.0,77496.80757875301,0.76,1.0,0.8838447015359214,0,3424.27653837204,Unreliable,n,-0.1,-10.0,7.547169811320755,15.384615384615385,40.09541117673782
7cb354f238785878,sens_phys,Clay Loam,C5_R1,Clay Loam_n_-0.05,Physical sensitivity on n (resume run),fine_careful_start,candidate_A,-75.0,80,110,0.0006,0.24,13.0,1.0,1.75,0.45,3.5,27.5,34.5,69.0,64566.01221657743,0.7971014492753623,0.9075712881022616,0.936959809587555,1,3261.5942871570587,Unreliable,n,-0.05,-5.0,3.7735849056603774,6.153846153846154,16.719672875965465
c82a55978578996a,sens_phys,Clay Loam,C5_R1,Clay Loam_n_+0.05,Physical sensitivity on n (resume run),fine_careful_start,candidate_A,-75.0,80,110,0.0006,0.24,13.0,1.0,1.75,0.45,3.5,25.5,30.5,61.0,48242.29678852487,0.8360655737704918,0.2222222222222222,0.9545269383397118,0,1787.9499015808103,Moderate,n,0.05,5.0,-3.7735849056603774,-6.153846153846154,-12.78964107223988
4dd19396b2a9f8a4,sens_phys,Clay Loam,C5_R1,Clay Loam_n_+0.10,Physical sensitivity on n (resume run),fine_careful_start,candidate_A,-75.0,80,110,0.0006,0.24,13.0,1.0,1.75,0.45,3.5,24.5,29.5,59.0,43083.80165133042,0.8305084745762712,0.1317600786627335,0.9512863764010322,0,10269.10254573822,High,n,0.1,10.0,-7.547169811320755,-9.23076923076923,-22.114947751022278
abac21d582715d73,sens_phys,Clay Loam,C5_R1,Clay Loam_n_+0.15,Physical sensitivity on n (resume run),fine_careful_start,candidate_A,-75.0,80,110,0.0006,0.24,13.0,1.0,1.75,0.45,3.5,24.5,28.5,57.0,39511.81080419883,0.8596491228070176,0.0963618485742379,0.9481949392338016,0,3844.1882090568542,Moderate,n,0.15,15.0,-7.547169811320755,-12.307692307692308,-28.572239890958656
289d94bbe39fd949,sens_phys,Clay Loam,C5_R1,Clay Loam_fw_0.40,Physical sensitivity on fw_threshold (resume run),fine_careful_start,candidate_A,-75.0,80,110,0.0006,0.24,13.0,1.0,1.75,0.4,3.5,26.5,32.5,65.0,57001.057106733206,0.8153846153846154,0.3726647000983284,0.9565128392296997,1,6329.104349851608,Low,fw_threshold,0.4,0.4,0.0,0.0,3.044070876874139
6552a46437c5c587,sens_phys,Clay Loam,C5_R1,Clay Loam_fw_0.45,Physical sensitivity on fw_threshold (resume run),fine_careful_start,candidate_A,-75.0,80,110,0.0006,0.24,13.0,1.0,1.75,0.45,3.5,26.5,32.5,65.0,55336.01300033062,0.8153846153846154,0.3726647000983284,0.9565128392296997,1,2590.762413263321,Low,fw_threshold,0.45,0.45,0.0,0.0,0.03407542026351359
69257080155a83e6,sens_phys,Clay Loam,C5_R1,Clay Loam_fw_0.50,Physical sensitivity on fw_threshold (resume run),fine_careful_start,candidate_A,-75.0,80,110,0.0006,0.24,13.0,1.0,1.75,0.5,3.5,25.5,31.5,63.0,53202.871588543145,0.8095238095238095,0.3726647000983284,0.9565128392296997,1,2527.717692375183,Low,fw_threshold,0.5,0.5,-3.7735849056603774,-3.076923076923077,-3.8221263062244537
80e3ab221c80d5db,sens_phys,Clay Loam,C5_R1,Clay Loam_fw_0.55,Physical sensitivity on fw_threshold (resume run),fine_careful_start,candidate_A,-75.0,80,110,0.0006,0.24,13.0,1.0,1.75,0.55,3.5,25.5,31.5,63.0,51610.08411317312,0.8095238095238095,0.3726647000983284,0.9565128392296997,1,2525.148741722107,Low,fw_threshold,0.55,0.55,-3.7735849056603774,-3.076923076923077,-6.701499318491602
2735455085a5f460,sens_phys,Clay Loam,C5_R1,Clay Loam_fw_0.60,Physical sensitivity on fw_threshold (resume run),fine_careful_start,candidate_A,-75.0,80,110,0.0006,0.24,13.0,1.0,1.75,0.6,3.5,25.5,31.5,63.0,49392.11969973873,0.8095238095238095,0.3726647000983284,0.9565128392296997,1,2474.76566362381,Low,fw_threshold,0.6,0.6,-3.7735849056603774,-3.076923076923077,-10.71104043616538
15d77945a6ce9f98,sens_phys,Clay Loam,C5_R1,Clay Loam_re_-0.30,Physical sensitivity on emitter_radius_cm (resume run),fine_careful_start,candidate_A,-75.0,80,110,0.0006,0.24,13.0,1.0,1.225,0.45,3.5,26.5,32.5,65.0,55336.01300033062,0.8153846153846154,0.3746312684365782,0.9563300209764732,1,3266.350378036499,Low,emitter_radius_cm,-0.3,-30.0,0.0,0.0,0.03407542026351359
9e1d8def12819dd1,sens_phys,Clay Loam,C5_R1,Clay Loam_re_-0.20,Physical sensitivity on emitter_radius_cm (resume run),fine_careful_start,candidate_A,-75.0,80,110,0.0006,0.24,13.0,1.0,1.4,0.45,3.5,26.5,32.5,65.0,55336.01300033062,0.8153846153846154,0.3687315634218289,0.9566592102206752,1,7558.837018251419,Low,emitter_radius_cm,-0.2,-20.0,0.0,0.0,0.03407542026351359
816271c9a6aef31a,sens_phys,Clay Loam,C5_R1,Clay Loam_re_-0.10,Physical sensitivity on emitter_radius_cm (resume run),fine_careful_start,candidate_A,-75.0,80,110,0.0006,0.24,13.0,1.0,1.575,0.45,3.5,26.5,32.5,65.0,55336.01300033062,0.8153846153846154,0.3726647000983284,0.9566595548173884,1,7617.041375160217,Low,emitter_radius_cm,-0.1,-10.0,0.0,0.0,0.03407542026351359
91ead9f68ec0bf77,sens_phys,Clay Loam,C5_R1,Clay Loam_re_+0.10,Physical sensitivity on emitter_radius_cm (resume run),fine_careful_start,candidate_A,-75.0,80,110,0.0006,0.24,13.0,1.0,1.9250000000000005,0.45,3.5,26.5,32.5,65.0,55336.01300033062,0.8153846153846154,0.375614552605703,0.9564669788569488,0,15716.4793074131,Low,emitter_radius_cm,0.1,10.0,0.0,0.0,0.03407542026351359
db7a8ec3d163a4a5,sens_phys,Clay Loam,C5_R1,Clay Loam_re_+0.20,Physical sensitivity on emitter_radius_cm (resume run),fine_careful_start,candidate_A,-75.0,80,110,0.0006,0.24,13.0,1.0,2.1,0.45,3.5,26.5,32.5,65.0,55336.01300033062,0.8153846153846154,0.367748279252704,0.9565888934443516,0,5038.520236492157,Low,emitter_radius_cm,0.2,20.0,0.0,0.0,0.03407542026351359
7ec975f179412d45,sens_phys,Clay Loam,C5_R1,Clay Loam_re_+0.30,Physical sensitivity on emitter_radius_cm (resume run),fine_careful_start,candidate_A,-75.0,80,110,0.0006,0.24,13.0,1.0,2.275,0.45,3.5,26.5,32.5,65.0,55336.01300033062,0.8153846153846154,0.3638151425762045,0.9562337754610089,0,2506.511762857437,Low,emitter_radius_cm,0.3,30.0,0.0,0.0,0.03407542026351359
