texture,var_name,scenario_name,runtime_min,runtime_min_clean,runtime_outlier_flag
Loamy Sand,Ks,Loamy Sand_Ks_-0.30,24.830420887470247,24.830420887470247,False
Loamy Sand,Ks,Loamy Sand_Ks_-0.20,24.99245413144429,24.99245413144429,False
Loamy Sand,Ks,Loamy Sand_Ks_-0.10,25.11938505967458,25.11938505967458,False
Loamy Sand,Ks,Loamy Sand_Ks_+0.10,24.57987318436305,24.57987318436305,False
Loamy Sand,Ks,Loamy Sand_Ks_+0.20,25.176507385571803,25.176507385571803,False
Loamy Sand,Ks,Loamy Sand_Ks_+0.30,25.40644881327947,25.40644881327947,False
Loamy Sand,alpha,Loamy Sand_alpha_-0.30,45.853001578648886,45.853001578648886,False
Loamy Sand,alpha,Loamy Sand_alpha_-0.20,54.60761960744858,54.60761960744858,False
Loamy Sand,alpha,Loamy Sand_alpha_-0.10,71.80573251247407,71.80573251247407,False
Loamy Sand,alpha,Loamy Sand_alpha_+0.10,62.281765087445585,62.281765087445585,False
Loamy Sand,alpha,Loamy Sand_alpha_+0.20,27.321630322933196,27.321630322933196,False
Loamy Sand,alpha,Loamy Sand_alpha_+0.30,26.22183797756831,26.22183797756831,False
Loamy Sand,n,Loamy Sand_n_-0.15,22.298543115456898,22.298543115456898,False
Loamy Sand,n,Loamy Sand_n_-0.10,27.109059365590415,27.109059365590415,False
Loamy Sand,n,Loamy Sand_n_-0.05,60.55915982325872,60.55915982325872,False
Loamy Sand,n,Loamy Sand_n_+0.05,63.0263561407725,63.0263561407725,False
Loamy Sand,n,Loamy Sand_n_+0.10,67.51870693763097,67.51870693763097,False
Loamy Sand,n,Loamy Sand_n_+0.15,612.8009553829829,61.79275798201561,True
Loamy Sand,fw_threshold,Loamy Sand_fw_0.40,51.9669399579366,51.9669399579366,False
Loamy Sand,fw_threshold,Loamy Sand_fw_0.45,51.28767097393672,51.28767097393672,False
Loamy Sand,fw_threshold,Loamy Sand_fw_0.50,51.96511183977126,51.96511183977126,False
Loamy Sand,fw_threshold,Loamy Sand_fw_0.55,28.23140142361323,28.23140142361323,False
Loamy Sand,fw_threshold,Loamy Sand_fw_0.60,27.913033755620322,27.913033755620322,False
Loamy Sand,emitter_radius_cm,Loamy Sand_re_-0.30,28.75405145486196,28.75405145486196,False
Loamy Sand,emitter_radius_cm,Loamy Sand_re_-0.20,29.67120620807012,29.67120620807012,False
Loamy Sand,emitter_radius_cm,Loamy Sand_re_-0.10,41.13980752627055,41.13980752627055,False
Loamy Sand,emitter_radius_cm,Loamy Sand_re_+0.10,48.519083150227864,48.519083150227864,False
Loamy Sand,emitter_radius_cm,Loamy Sand_re_+0.20,29.900431446234386,29.900431446234386,False
Loamy Sand,emitter_radius_cm,Loamy Sand_re_+0.30,31.240768245855968,31.240768245855968,False
Loam,Ks,Loam_Ks_-0.30,57.38551070690155,57.38551070690155,False
Loam,Ks,Loam_Ks_-0.20,45.468311762809755,45.468311762809755,False
Loam,Ks,Loam_Ks_-0.10,44.13879050811132,44.13879050811132,False
Loam,Ks,Loam_Ks_+0.10,36.512810242176066,36.512810242176066,False
Loam,Ks,Loam_Ks_+0.20,35.26020943721135,35.26020943721135,False
Loam,Ks,Loam_Ks_+0.30,31.362824908892314,31.362824908892314,False
Loam,alpha,Loam_alpha_-0.30,24.656599259376527,24.656599259376527,False
Loam,alpha,Loam_alpha_-0.20,20.785676113764445,20.785676113764445,False
Loam,alpha,Loam_alpha_-0.10,39.63106518586476,39.63106518586476,False
Loam,alpha,Loam_alpha_+0.10,45.42230236132939,45.42230236132939,False
Loam,alpha,Loam_alpha_+0.20,29.919003470738726,29.919003470738726,False
Loam,alpha,Loam_alpha_+0.30,23.945880965391794,23.945880965391794,False
Loam,n,Loam_n_-0.15,34.56849151849747,34.56849151849747,False
Loam,n,Loam_n_-0.10,25.024175520737966,25.024175520737966,False
Loam,n,Loam_n_-0.05,21.733710261185966,21.733710261185966,False
Loam,n,Loam_n_+0.05,16.827224957942963,16.827224957942963,False
Loam,n,Loam_n_+0.10,15.044772080580394,15.044772080580394,False
Loam,n,Loam_n_+0.15,14.197003523508707,14.197003523508707,False
Loam,fw_threshold,Loam_fw_0.40,442.7011827429135,14.516983369986216,True
Loam,fw_threshold,Loam_fw_0.45,14.516983369986216,14.516983369986216,False
Loam,fw_threshold,Loam_fw_0.50,13.735204247633616,13.735204247633616,False
Loam,fw_threshold,Loam_fw_0.55,13.390422161420187,13.390422161420187,False
Loam,fw_threshold,Loam_fw_0.60,17.97092801729838,17.97092801729838,False
Loam,emitter_radius_cm,Loam_re_-0.30,24.335793054103853,13.208075712124508,True
Loam,emitter_radius_cm,Loam_re_-0.20,16.074850149949395,16.074850149949395,False
Loam,emitter_radius_cm,Loam_re_-0.10,12.411911650498707,12.411911650498707,False
Loam,emitter_radius_cm,Loam_re_+0.10,12.123639313379924,12.123639313379924,False
Loam,emitter_radius_cm,Loam_re_+0.20,13.236201898256938,13.236201898256938,False
Loam,emitter_radius_cm,Loam_re_+0.30,13.179949525992075,13.179949525992075,False
Clay Loam,Ks,Clay Loam_Ks_-0.30,40.6001406510671,40.6001406510671,False
Clay Loam,Ks,Clay Loam_Ks_-0.20,40.869181990623474,40.869181990623474,False
Clay Loam,Ks,Clay Loam_Ks_-0.10,116.97367932796479,40.73466132084529,True
Clay Loam,Ks,Clay Loam_Ks_+0.10,47.262146071592966,47.262146071592966,False
Clay Loam,Ks,Clay Loam_Ks_+0.20,29.61397356589635,29.61397356589635,False
Clay Loam,Ks,Clay Loam_Ks_+0.30,34.69905630747477,34.69905630747477,False
Clay Loam,alpha,Clay Loam_alpha_-0.30,55.5184256752332,55.5184256752332,False
Clay Loam,alpha,Clay Loam_alpha_-0.20,92.89166179100673,92.89166179100673,False
Clay Loam,alpha,Clay Loam_alpha_-0.10,79.28435983260472,79.28435983260472,False
Clay Loam,alpha,Clay Loam_alpha_+0.10,468.1922049403191,75.79599463740985,True
Clay Loam,alpha,Clay Loam_alpha_+0.20,50.54559556245804,50.54559556245804,False
Clay Loam,alpha,Clay Loam_alpha_+0.30,72.30762944221496,72.30762944221496,False
Clay Loam,n,Clay Loam_n_-0.15,185.33116501569748,185.33116501569748,False
Clay Loam,n,Clay Loam_n_-0.10,57.071275639533994,57.071275639533994,False
Clay Loam,n,Clay Loam_n_-0.05,54.35990478595098,54.35990478595098,False
Clay Loam,n,Clay Loam_n_+0.05,29.799165026346838,29.799165026346838,False
Clay Loam,n,Clay Loam_n_+0.10,171.15170909563702,171.15170909563702,False
Clay Loam,n,Clay Loam_n_+0.15,64.06980348428091,64.06980348428091,False
Clay Loam,fw_threshold,Clay Loam_fw_0.40,105.4850724975268,42.128628206253055,True
Clay Loam,fw_threshold,Clay Loam_fw_0.45,43.17937355438868,43.17937355438868,False
Clay Loam,fw_threshold,Clay Loam_fw_0.50,42.128628206253055,42.128628206253055,False
Clay Loam,fw_threshold,Clay Loam_fw_0.55,42.085812362035114,42.085812362035114,False
Clay Loam,fw_threshold,Clay Loam_fw_0.60,41.24609439373016,41.24609439373016,False
Clay Loam,emitter_radius_cm,Clay Loam_re_-0.30,54.439172967274985,54.439172967274985,False
Clay Loam,emitter_radius_cm,Clay Loam_re_-0.20,125.98061697085699,125.98061697085699,False
Clay Loam,emitter_radius_cm,Clay Loam_re_-0.10,126.95068958600362,126.95068958600362,False
Clay Loam,emitter_radius_cm,Clay Loam_re_+0.10,261.9413217902183,104.97797712286314,True
Clay Loam,emitter_radius_cm,Clay Loam_re_+0.20,83.97533727486929,83.97533727486929,False
Clay Loam,emitter_radius_cm,Clay Loam_re_+0.30,41.77519604762395,41.77519604762395,False
