texture,var_name,scenario_name,runtime_s,runtime_min,runtime_outlier_flag
Loamy Sand,Ks,Loamy Sand_Ks_-0.30,1489.8252532482147,24.830420887470247,False
Loamy Sand,Ks,Loamy Sand_Ks_-0.20,1499.5472478866575,24.99245413144429,False
Loamy Sand,Ks,Loamy Sand_Ks_-0.10,1507.1631035804749,25.11938505967458,False
Loamy Sand,Ks,Loamy Sand_Ks_+0.10,1474.7923910617828,24.57987318436305,False
Loamy Sand,Ks,Loamy Sand_Ks_+0.20,1510.590443134308,25.176507385571803,False
Loamy Sand,Ks,Loamy Sand_Ks_+0.30,1524.3869287967682,25.40644881327947,False
Loamy Sand,alpha,Loamy Sand_alpha_-0.30,2751.180094718933,45.853001578648886,False
Loamy Sand,alpha,Loamy Sand_alpha_-0.20,3276.4571764469147,54.60761960744858,False
Loamy Sand,alpha,Loamy Sand_alpha_-0.10,4308.343950748444,71.80573251247407,False
Loamy Sand,alpha,Loamy Sand_alpha_+0.10,3736.905905246735,62.281765087445585,False
Loamy Sand,alpha,Loamy Sand_alpha_+0.20,1639.2978193759918,27.321630322933196,False
Loamy Sand,alpha,Loamy Sand_alpha_+0.30,1573.3102786540985,26.22183797756831,False
Loamy Sand,n,Loamy Sand_n_-0.15,1337.912586927414,22.298543115456898,False
Loamy Sand,n,Loamy Sand_n_-0.10,1626.5435619354248,27.109059365590415,False
Loamy Sand,n,Loamy Sand_n_-0.05,3633.549589395523,60.55915982325872,False
Loamy Sand,n,Loamy Sand_n_+0.05,3781.58136844635,63.0263561407725,False
Loamy Sand,n,Loamy Sand_n_+0.10,4051.122416257858,67.51870693763097,False
Loamy Sand,n,Loamy Sand_n_+0.15,36768.05732297897,612.8009553829829,True
Loamy Sand,fw_threshold,Loamy Sand_fw_0.40,3118.0163974761963,51.9669399579366,False
Loamy Sand,fw_threshold,Loamy Sand_fw_0.45,3077.260258436203,51.28767097393672,False
Loamy Sand,fw_threshold,Loamy Sand_fw_0.50,3117.906710386276,51.96511183977126,False
Loamy Sand,fw_threshold,Loamy Sand_fw_0.55,1693.8840854167938,28.23140142361323,False
Loamy Sand,fw_threshold,Loamy Sand_fw_0.60,1674.7820253372192,27.913033755620322,False
Loamy Sand,emitter_radius_cm,Loamy Sand_re_-0.30,1725.2430872917175,28.75405145486196,False
Loamy Sand,emitter_radius_cm,Loamy Sand_re_-0.20,1780.2723724842072,29.67120620807012,False
Loamy Sand,emitter_radius_cm,Loamy Sand_re_-0.10,2468.388451576233,41.13980752627055,False
Loamy Sand,emitter_radius_cm,Loamy Sand_re_+0.10,2911.144989013672,48.519083150227864,False
Loamy Sand,emitter_radius_cm,Loamy Sand_re_+0.20,1794.025886774063,29.900431446234386,False
Loamy Sand,emitter_radius_cm,Loamy Sand_re_+0.30,1874.446094751358,31.240768245855968,False
Loam,Ks,Loam_Ks_-0.30,3443.130642414093,57.38551070690155,False
Loam,Ks,Loam_Ks_-0.20,2728.098705768585,45.468311762809755,False
Loam,Ks,Loam_Ks_-0.10,2648.327430486679,44.13879050811132,False
Loam,Ks,Loam_Ks_+0.10,2190.768614530564,36.512810242176066,False
Loam,Ks,Loam_Ks_+0.20,2115.6125662326813,35.26020943721135,False
Loam,Ks,Loam_Ks_+0.30,1881.7694945335388,31.362824908892314,False
Loam,alpha,Loam_alpha_-0.30,1479.3959555625916,24.656599259376527,False
Loam,alpha,Loam_alpha_-0.20,1247.1405668258667,20.785676113764445,False
Loam,alpha,Loam_alpha_-0.10,2377.863911151886,39.63106518586476,False
Loam,alpha,Loam_alpha_+0.10,2725.338141679764,45.42230236132939,False
Loam,alpha,Loam_alpha_+0.20,1795.1402082443235,29.919003470738726,False
Loam,alpha,Loam_alpha_+0.30,1436.7528579235077,23.945880965391794,False
Loam,n,Loam_n_-0.15,2074.109491109848,34.56849151849747,False
Loam,n,Loam_n_-0.10,1501.450531244278,25.024175520737966,False
Loam,n,Loam_n_-0.05,1304.0226156711578,21.733710261185966,False
Loam,n,Loam_n_+0.05,1009.6334974765778,16.827224957942963,False
Loam,n,Loam_n_+0.10,902.6863248348236,15.044772080580394,False
Loam,n,Loam_n_+0.15,851.8202114105225,14.197003523508707,False
Loam,fw_threshold,Loam_fw_0.40,26562.07096457481,442.7011827429135,True
Loam,fw_threshold,Loam_fw_0.45,871.019002199173,14.516983369986216,False
Loam,fw_threshold,Loam_fw_0.50,824.112254858017,13.735204247633616,False
Loam,fw_threshold,Loam_fw_0.55,803.4253296852112,13.390422161420187,False
Loam,fw_threshold,Loam_fw_0.60,1078.2556810379028,17.97092801729838,False
Loam,emitter_radius_cm,Loam_re_-0.30,1460.147583246231,24.335793054103853,True
Loam,emitter_radius_cm,Loam_re_-0.20,964.4910089969636,16.074850149949395,False
Loam,emitter_radius_cm,Loam_re_-0.10,744.7146990299225,12.411911650498707,False
Loam,emitter_radius_cm,Loam_re_+0.10,727.4183588027954,12.123639313379924,False
Loam,emitter_radius_cm,Loam_re_+0.20,794.1721138954163,13.236201898256938,False
Loam,emitter_radius_cm,Loam_re_+0.30,790.7969715595245,13.179949525992075,False
Clay Loam,Ks,Clay Loam_Ks_-0.30,2436.008439064026,40.6001406510671,False
Clay Loam,Ks,Clay Loam_Ks_-0.20,2452.1509194374084,40.869181990623474,False
Clay Loam,Ks,Clay Loam_Ks_-0.10,7018.420759677887,116.97367932796479,True
Clay Loam,Ks,Clay Loam_Ks_+0.10,2835.728764295578,47.262146071592966,False
Clay Loam,Ks,Clay Loam_Ks_+0.20,1776.8384139537811,29.61397356589635,False
Clay Loam,Ks,Clay Loam_Ks_+0.30,2081.9433784484863,34.69905630747477,False
Clay Loam,alpha,Clay Loam_alpha_-0.30,3331.1055405139923,55.5184256752332,False
Clay Loam,alpha,Clay Loam_alpha_-0.20,5573.499707460403,92.89166179100673,False
Clay Loam,alpha,Clay Loam_alpha_-0.10,4757.061589956284,79.28435983260472,False
Clay Loam,alpha,Clay Loam_alpha_+0.10,28091.532296419144,468.1922049403191,True
Clay Loam,alpha,Clay Loam_alpha_+0.20,3032.7357337474823,50.54559556245804,False
Clay Loam,alpha,Clay Loam_alpha_+0.30,4338.457766532898,72.30762944221496,False
Clay Loam,n,Clay Loam_n_-0.15,11119.869900941849,185.33116501569748,False
Clay Loam,n,Clay Loam_n_-0.10,3424.27653837204,57.071275639533994,False
Clay Loam,n,Clay Loam_n_-0.05,3261.5942871570587,54.35990478595098,False
Clay Loam,n,Clay Loam_n_+0.05,1787.9499015808103,29.799165026346838,False
Clay Loam,n,Clay Loam_n_+0.10,10269.10254573822,171.15170909563702,False
Clay Loam,n,Clay Loam_n_+0.15,3844.1882090568542,64.06980348428091,False
Clay Loam,fw_threshold,Clay Loam_fw_0.40,6329.104349851608,105.4850724975268,True
Clay Loam,fw_threshold,Clay Loam_fw_0.45,2590.762413263321,43.17937355438868,False
Clay Loam,fw_threshold,Clay Loam_fw_0.50,2527.717692375183,42.128628206253055,False
Clay Loam,fw_threshold,Clay Loam_fw_0.55,2525.148741722107,42.085812362035114,False
Clay Loam,fw_threshold,Clay Loam_fw_0.60,2474.76566362381,41.24609439373016,False
Clay Loam,emitter_radius_cm,Clay Loam_re_-0.30,3266.350378036499,54.439172967274985,False
Clay Loam,emitter_radius_cm,Clay Loam_re_-0.20,7558.837018251419,125.98061697085699,False
Clay Loam,emitter_radius_cm,Clay Loam_re_-0.10,7617.041375160217,126.95068958600362,False
Clay Loam,emitter_radius_cm,Clay Loam_re_+0.10,15716.4793074131,261.9413217902183,True
Clay Loam,emitter_radius_cm,Clay Loam_re_+0.20,5038.520236492157,83.97533727486929,False
Clay Loam,emitter_radius_cm,Clay Loam_re_+0.30,2506.511762857437,41.77519604762395,False
